in s,C1 in V
-2.400E-07,5.19922E-03
-2.398E-07,2.85547E-03
-2.396E-07,7.07031E-04
-2.394E-07,-3.39453E-03
-2.392E-07,-7.88672E-03
-2.390E-07,-1.04258E-02
-2.388E-07,-1.12070E-02
-2.386E-07,-1.10117E-02
-2.384E-07,-1.04258E-02
-2.382E-07,-9.25391E-03
-2.380E-07,-8.27734E-03
-2.378E-07,-7.88672E-03
-2.376E-07,-6.91016E-03
-2.374E-07,-4.17578E-03
-2.372E-07,-1.83203E-03
-2.370E-07,-4.64844E-04
-2.368E-07,1.09766E-03
-2.366E-07,1.87891E-03
-2.364E-07,2.66016E-03
-2.362E-07,3.24609E-03
-2.360E-07,3.83203E-03
-2.358E-07,4.02734E-03
-2.356E-07,4.41797E-03
-2.354E-07,4.61328E-03
-2.352E-07,4.22266E-03
-2.350E-07,4.22266E-03
-2.348E-07,3.44141E-03
-2.346E-07,2.66016E-03
-2.344E-07,2.46484E-03
-2.342E-07,3.05078E-03
-2.340E-07,3.44141E-03
-2.338E-07,4.41797E-03
-2.336E-07,4.02734E-03
-2.334E-07,4.22266E-03
-2.332E-07,3.44141E-03
-2.330E-07,2.66016E-03
-2.328E-07,1.68359E-03
-2.326E-07,9.02344E-04
-2.324E-07,5.11719E-04
-2.322E-07,-2.69531E-04
-2.320E-07,-4.64844E-04
-2.318E-07,-1.24609E-03
-2.316E-07,-1.63672E-03
-2.314E-07,-2.41797E-03
-2.312E-07,-2.41797E-03
-2.310E-07,-2.61328E-03
-2.308E-07,-3.00391E-03
-2.306E-07,-3.19922E-03
-2.304E-07,-3.39453E-03
-2.302E-07,-3.00391E-03
-2.300E-07,-3.19922E-03
-2.298E-07,-2.80859E-03
-2.296E-07,-2.80859E-03
-2.294E-07,-3.00391E-03
-2.292E-07,-2.80859E-03
-2.290E-07,-2.22266E-03
-2.288E-07,-2.22266E-03
-2.286E-07,-2.80859E-03
-2.284E-07,-3.39453E-03
-2.282E-07,-3.39453E-03
-2.280E-07,-2.22266E-03
-2.278E-07,-1.44141E-03
-2.276E-07,-1.63672E-03
-2.274E-07,-2.02734E-03
-2.272E-07,-2.22266E-03
-2.270E-07,-3.19922E-03
-2.268E-07,-3.19922E-03
-2.266E-07,-3.00391E-03
-2.264E-07,-2.41797E-03
-2.262E-07,-2.22266E-03
-2.260E-07,-1.63672E-03
-2.258E-07,-2.02734E-03
-2.256E-07,-1.44141E-03
-2.254E-07,-1.44141E-03
-2.252E-07,-1.63672E-03
-2.250E-07,-1.83203E-03
-2.248E-07,-2.41797E-03
-2.246E-07,-2.41797E-03
-2.244E-07,-2.02734E-03
-2.242E-07,-1.83203E-03
-2.240E-07,-2.41797E-03
-2.238E-07,-2.61328E-03
-2.236E-07,-3.00391E-03
-2.234E-07,-2.41797E-03
-2.232E-07,-2.22266E-03
-2.230E-07,-1.63672E-03
-2.228E-07,-1.63672E-03
-2.226E-07,-1.63672E-03
-2.224E-07,-1.05078E-03
-2.222E-07,-1.83203E-03
-2.220E-07,-2.61328E-03
-2.218E-07,-3.19922E-03
-2.216E-07,-3.00391E-03
-2.214E-07,-3.98047E-03
-2.212E-07,-3.98047E-03
-2.210E-07,-4.37109E-03
-2.208E-07,-4.17578E-03
-2.206E-07,-3.78516E-03
-2.204E-07,-3.78516E-03
-2.202E-07,-2.80859E-03
-2.200E-07,-2.22266E-03
-2.198E-07,-1.63672E-03
-2.196E-07,-1.83203E-03
-2.194E-07,-2.22266E-03
-2.192E-07,-2.22266E-03
-2.190E-07,-2.02734E-03
-2.188E-07,-2.41797E-03
-2.186E-07,-2.41797E-03
-2.184E-07,-2.61328E-03
-2.182E-07,-2.80859E-03
-2.180E-07,-3.00391E-03
-2.178E-07,-3.19922E-03
-2.176E-07,-3.19922E-03
-2.174E-07,-3.19922E-03
-2.172E-07,-2.22266E-03
-2.170E-07,-1.63672E-03
-2.168E-07,-1.05078E-03
-2.166E-07,-1.05078E-03
-2.164E-07,-1.24609E-03
-2.162E-07,-1.44141E-03
-2.160E-07,-1.83203E-03
-2.158E-07,-2.02734E-03
-2.156E-07,-2.61328E-03
-2.154E-07,-3.00391E-03
-2.152E-07,-3.39453E-03
-2.150E-07,-2.80859E-03
-2.148E-07,-2.02734E-03
-2.146E-07,-1.63672E-03
-2.144E-07,-1.63672E-03
-2.142E-07,-1.83203E-03
-2.140E-07,-2.22266E-03
-2.138E-07,-2.41797E-03
-2.136E-07,-2.22266E-03
-2.134E-07,-2.22266E-03
-2.132E-07,-2.02734E-03
-2.130E-07,-2.61328E-03
-2.128E-07,-2.80859E-03
-2.126E-07,-2.80859E-03
-2.124E-07,-3.00391E-03
-2.122E-07,-2.61328E-03
-2.120E-07,-2.41797E-03
-2.118E-07,-2.22266E-03
-2.116E-07,-2.41797E-03
-2.114E-07,-2.61328E-03
-2.112E-07,-3.00391E-03
-2.110E-07,-2.41797E-03
-2.108E-07,-2.80859E-03
-2.106E-07,-3.19922E-03
-2.104E-07,-3.00391E-03
-2.102E-07,-2.41797E-03
-2.100E-07,-1.83203E-03
-2.098E-07,-1.83203E-03
-2.096E-07,-2.02734E-03
-2.094E-07,-2.41797E-03
-2.092E-07,-2.02734E-03
-2.090E-07,-1.83203E-03
-2.088E-07,-1.83203E-03
-2.086E-07,-2.02734E-03
-2.084E-07,-1.63672E-03
-2.082E-07,-2.02734E-03
-2.080E-07,-1.63672E-03
-2.078E-07,-1.83203E-03
-2.076E-07,-1.63672E-03
-2.074E-07,-1.83203E-03
-2.072E-07,-1.63672E-03
-2.070E-07,-1.83203E-03
-2.068E-07,-2.41797E-03
-2.066E-07,-2.41797E-03
-2.064E-07,-3.00391E-03
-2.062E-07,-2.02734E-03
-2.060E-07,-8.55469E-04
-2.058E-07,-4.64844E-04
-2.056E-07,-1.24609E-03
-2.054E-07,-1.63672E-03
-2.052E-07,-2.02734E-03
-2.050E-07,-2.22266E-03
-2.048E-07,-2.41797E-03
-2.046E-07,-2.22266E-03
-2.044E-07,-2.02734E-03
-2.042E-07,-1.83203E-03
-2.040E-07,-1.83203E-03
-2.038E-07,-2.02734E-03
-2.036E-07,-1.63672E-03
-2.034E-07,-1.05078E-03
-2.032E-07,-4.64844E-04
-2.030E-07,-4.64844E-04
-2.028E-07,-8.55469E-04
-2.026E-07,-1.44141E-03
-2.024E-07,-1.63672E-03
-2.022E-07,-1.44141E-03
-2.020E-07,-2.02734E-03
-2.018E-07,-2.02734E-03
-2.016E-07,-2.02734E-03
-2.014E-07,-1.63672E-03
-2.012E-07,-2.22266E-03
-2.010E-07,-2.80859E-03
-2.008E-07,-2.02734E-03
-2.006E-07,-2.22266E-03
-2.004E-07,-1.83203E-03
-2.002E-07,-2.02734E-03
-2.000E-07,-2.22266E-03
-1.998E-07,-1.44141E-03
-1.996E-07,-1.05078E-03
-1.994E-07,-8.55469E-04
-1.992E-07,-2.02734E-03
-1.990E-07,-2.02734E-03
-1.988E-07,-1.63672E-03
-1.986E-07,-1.63672E-03
-1.984E-07,-1.44141E-03
-1.982E-07,-1.83203E-03
-1.980E-07,-2.22266E-03
-1.978E-07,-2.22266E-03
-1.976E-07,-2.02734E-03
-1.974E-07,-1.63672E-03
-1.972E-07,-1.83203E-03
-1.970E-07,-1.83203E-03
-1.968E-07,-1.83203E-03
-1.966E-07,-1.83203E-03
-1.964E-07,-1.83203E-03
-1.962E-07,-1.83203E-03
-1.960E-07,-1.63672E-03
-1.958E-07,-1.24609E-03
-1.956E-07,-1.63672E-03
-1.954E-07,-2.41797E-03
-1.952E-07,-3.00391E-03
-1.950E-07,-3.00391E-03
-1.948E-07,-2.80859E-03
-1.946E-07,-2.61328E-03
-1.944E-07,-1.44141E-03
-1.942E-07,-1.24609E-03
-1.940E-07,-8.55469E-04
-1.938E-07,-8.55469E-04
-1.936E-07,-1.63672E-03
-1.934E-07,-1.63672E-03
-1.932E-07,-1.44141E-03
-1.930E-07,-1.44141E-03
-1.928E-07,-1.05078E-03
-1.926E-07,-8.55469E-04
-1.924E-07,-6.60156E-04
-1.922E-07,-4.64844E-04
-1.920E-07,-7.42188E-05
-1.918E-07,-6.60156E-04
-1.916E-07,-8.55469E-04
-1.914E-07,-1.63672E-03
-1.912E-07,-1.83203E-03
-1.910E-07,-2.61328E-03
-1.908E-07,-2.02734E-03
-1.906E-07,-2.02734E-03
-1.904E-07,-1.83203E-03
-1.902E-07,-2.22266E-03
-1.900E-07,-1.83203E-03
-1.898E-07,-1.44141E-03
-1.896E-07,-1.44141E-03
-1.894E-07,-8.55469E-04
-1.892E-07,-1.05078E-03
-1.890E-07,-1.05078E-03
-1.888E-07,-1.24609E-03
-1.886E-07,-1.24609E-03
-1.884E-07,-1.63672E-03
-1.882E-07,-2.02734E-03
-1.880E-07,-2.02734E-03
-1.878E-07,-2.61328E-03
-1.876E-07,-2.80859E-03
-1.874E-07,-2.41797E-03
-1.872E-07,-1.83203E-03
-1.870E-07,-1.24609E-03
-1.868E-07,-8.55469E-04
-1.866E-07,-1.24609E-03
-1.864E-07,-1.44141E-03
-1.862E-07,-1.44141E-03
-1.860E-07,-2.02734E-03
-1.858E-07,-2.22266E-03
-1.856E-07,-1.24609E-03
-1.854E-07,-1.44141E-03
-1.852E-07,-1.44141E-03
-1.850E-07,-1.63672E-03
-1.848E-07,-1.44141E-03
-1.846E-07,-8.55469E-04
-1.844E-07,-1.63672E-03
-1.842E-07,-2.02734E-03
-1.840E-07,-1.83203E-03
-1.838E-07,-1.44141E-03
-1.836E-07,-1.05078E-03
-1.834E-07,-1.05078E-03
-1.832E-07,-1.63672E-03
-1.830E-07,-2.22266E-03
-1.828E-07,-2.61328E-03
-1.826E-07,-2.41797E-03
-1.824E-07,-1.83203E-03
-1.822E-07,-1.44141E-03
-1.820E-07,-1.44141E-03
-1.818E-07,-1.83203E-03
-1.816E-07,-2.02734E-03
-1.814E-07,-1.63672E-03
-1.812E-07,-1.44141E-03
-1.810E-07,-1.63672E-03
-1.808E-07,-1.44141E-03
-1.806E-07,-1.24609E-03
-1.804E-07,-1.24609E-03
-1.802E-07,-1.44141E-03
-1.800E-07,-1.44141E-03
-1.798E-07,-1.83203E-03
-1.796E-07,-1.83203E-03
-1.794E-07,-2.02734E-03
-1.792E-07,-2.02734E-03
-1.790E-07,-2.41797E-03
-1.788E-07,-1.05078E-03
-1.786E-07,-1.05078E-03
-1.784E-07,-8.55469E-04
-1.782E-07,-1.24609E-03
-1.780E-07,-1.05078E-03
-1.778E-07,-1.24609E-03
-1.776E-07,-1.05078E-03
-1.774E-07,-1.44141E-03
-1.772E-07,-1.44141E-03
-1.770E-07,-1.83203E-03
-1.768E-07,-2.41797E-03
-1.766E-07,-2.61328E-03
-1.764E-07,-2.02734E-03
-1.762E-07,-1.24609E-03
-1.760E-07,-1.05078E-03
-1.758E-07,-1.05078E-03
-1.756E-07,-6.60156E-04
-1.754E-07,-4.64844E-04
-1.752E-07,-8.55469E-04
-1.750E-07,-1.63672E-03
-1.748E-07,-1.44141E-03
-1.746E-07,-1.83203E-03
-1.744E-07,-8.55469E-04
-1.742E-07,-6.60156E-04
-1.740E-07,1.21094E-04
-1.738E-07,-4.64844E-04
-1.736E-07,-1.24609E-03
-1.734E-07,-1.83203E-03
-1.732E-07,-1.44141E-03
-1.730E-07,-1.63672E-03
-1.728E-07,-1.63672E-03
-1.726E-07,-1.63672E-03
-1.724E-07,-1.24609E-03
-1.722E-07,-1.83203E-03
-1.720E-07,-2.41797E-03
-1.718E-07,-2.61328E-03
-1.716E-07,-2.61328E-03
-1.714E-07,-2.61328E-03
-1.712E-07,-2.41797E-03
-1.710E-07,-2.02734E-03
-1.708E-07,-2.61328E-03
-1.706E-07,-2.41797E-03
-1.704E-07,-2.22266E-03
-1.702E-07,-2.02734E-03
-1.700E-07,-2.02734E-03
-1.698E-07,-1.83203E-03
-1.696E-07,-1.83203E-03
-1.694E-07,-1.83203E-03
-1.692E-07,-1.44141E-03
-1.690E-07,-1.24609E-03
-1.688E-07,-8.55469E-04
-1.686E-07,-1.24609E-03
-1.684E-07,-1.24609E-03
-1.682E-07,-1.63672E-03
-1.680E-07,-2.02734E-03
-1.678E-07,-2.61328E-03
-1.676E-07,-2.61328E-03
-1.674E-07,-2.80859E-03
-1.672E-07,-2.02734E-03
-1.670E-07,-1.63672E-03
-1.668E-07,-8.55469E-04
-1.666E-07,-1.44141E-03
-1.664E-07,-1.05078E-03
-1.662E-07,-1.63672E-03
-1.660E-07,-2.22266E-03
-1.658E-07,-2.61328E-03
-1.656E-07,-2.41797E-03
-1.654E-07,-2.61328E-03
-1.652E-07,-1.44141E-03
-1.650E-07,-4.64844E-04
-1.648E-07,5.11719E-04
-1.646E-07,7.07031E-04
-1.644E-07,1.21094E-04
-1.642E-07,-7.42188E-05
-1.640E-07,1.87891E-03
-1.638E-07,5.58984E-03
-1.636E-07,1.16445E-02
-1.634E-07,2.47305E-02
-1.632E-07,4.38711E-02
-1.630E-07,6.55508E-02
-1.628E-07,8.13711E-02
-1.626E-07,8.48867E-02
-1.624E-07,8.23477E-02
-1.622E-07,7.51211E-02
-1.620E-07,6.78945E-02
-1.618E-07,6.06680E-02
-1.616E-07,5.38320E-02
-1.614E-07,4.81680E-02
-1.612E-07,4.32852E-02
-1.610E-07,3.91836E-02
-1.608E-07,3.52773E-02
-1.606E-07,3.15664E-02
-1.604E-07,2.70742E-02
-1.602E-07,2.31680E-02
-1.600E-07,2.06289E-02
-1.598E-07,1.78945E-02
-1.596E-07,1.59414E-02
-1.594E-07,1.43789E-02
-1.592E-07,1.28164E-02
-1.590E-07,9.69141E-03
-1.588E-07,7.93359E-03
-1.586E-07,5.98047E-03
-1.584E-07,4.41797E-03
-1.582E-07,1.68359E-03
-1.580E-07,-1.63672E-03
-1.578E-07,-6.32422E-03
-1.576E-07,-1.02305E-02
-1.574E-07,-1.25742E-02
-1.572E-07,-1.33555E-02
-1.570E-07,-1.14023E-02
-1.568E-07,-1.00352E-02
-1.566E-07,-8.08203E-03
-1.564E-07,-7.10547E-03
-1.562E-07,-6.12891E-03
-1.560E-07,-4.37109E-03
-1.558E-07,-3.00391E-03
-1.556E-07,-1.44141E-03
-1.554E-07,-2.69531E-04
-1.552E-07,1.09766E-03
-1.550E-07,2.26953E-03
-1.548E-07,3.44141E-03
-1.546E-07,3.44141E-03
-1.544E-07,3.44141E-03
-1.542E-07,4.02734E-03
-1.540E-07,3.63672E-03
-1.538E-07,4.02734E-03
-1.536E-07,4.22266E-03
-1.534E-07,4.22266E-03
-1.532E-07,3.83203E-03
-1.530E-07,3.83203E-03
-1.528E-07,3.44141E-03
-1.526E-07,4.22266E-03
-1.524E-07,5.19922E-03
-1.522E-07,5.39453E-03
-1.520E-07,5.00391E-03
-1.518E-07,4.41797E-03
-1.516E-07,3.05078E-03
-1.514E-07,1.68359E-03
-1.512E-07,9.02344E-04
-1.510E-07,-2.69531E-04
-1.508E-07,-4.64844E-04
-1.506E-07,-6.60156E-04
-1.504E-07,-1.05078E-03
-1.502E-07,-2.02734E-03
-1.500E-07,-2.41797E-03
-1.498E-07,-2.80859E-03
-1.496E-07,-3.19922E-03
-1.494E-07,-3.39453E-03
-1.492E-07,-2.41797E-03
-1.490E-07,-2.61328E-03
-1.488E-07,-2.80859E-03
-1.486E-07,-3.00391E-03
-1.484E-07,-3.00391E-03
-1.482E-07,-3.58984E-03
-1.480E-07,-3.78516E-03
-1.478E-07,-3.98047E-03
-1.476E-07,-3.78516E-03
-1.474E-07,-4.17578E-03
-1.472E-07,-3.98047E-03
-1.470E-07,-4.37109E-03
-1.468E-07,-4.56641E-03
-1.466E-07,-4.37109E-03
-1.464E-07,-3.58984E-03
-1.462E-07,-2.61328E-03
-1.460E-07,-2.22266E-03
-1.458E-07,-2.22266E-03
-1.456E-07,-1.44141E-03
-1.454E-07,-1.44141E-03
-1.452E-07,-2.61328E-03
-1.450E-07,-3.00391E-03
-1.448E-07,-2.02734E-03
-1.446E-07,-1.44141E-03
-1.444E-07,-1.63672E-03
-1.442E-07,-2.22266E-03
-1.440E-07,-3.00391E-03
-1.438E-07,-2.61328E-03
-1.436E-07,-2.22266E-03
-1.434E-07,-1.83203E-03
-1.432E-07,-1.24609E-03
-1.430E-07,-2.22266E-03
-1.428E-07,-2.41797E-03
-1.426E-07,-2.22266E-03
-1.424E-07,-1.83203E-03
-1.422E-07,-2.02734E-03
-1.420E-07,-1.83203E-03
-1.418E-07,-2.22266E-03
-1.416E-07,-2.61328E-03
-1.414E-07,-2.41797E-03
-1.412E-07,-2.61328E-03
-1.410E-07,-2.80859E-03
-1.408E-07,-2.41797E-03
-1.406E-07,-2.41797E-03
-1.404E-07,-2.61328E-03
-1.402E-07,-3.19922E-03
-1.400E-07,-3.58984E-03
-1.398E-07,-3.19922E-03
-1.396E-07,-3.39453E-03
-1.394E-07,-4.37109E-03
-1.392E-07,-4.17578E-03
-1.390E-07,-4.37109E-03
-1.388E-07,-3.39453E-03
-1.386E-07,-2.80859E-03
-1.384E-07,-2.02734E-03
-1.382E-07,-2.41797E-03
-1.380E-07,-2.80859E-03
-1.378E-07,-2.80859E-03
-1.376E-07,-3.39453E-03
-1.374E-07,-3.39453E-03
-1.372E-07,-3.58984E-03
-1.370E-07,-3.00391E-03
-1.368E-07,-2.80859E-03
-1.366E-07,-2.61328E-03
-1.364E-07,-2.41797E-03
-1.362E-07,-2.41797E-03
-1.360E-07,-2.41797E-03
-1.358E-07,-2.61328E-03
-1.356E-07,-2.61328E-03
-1.354E-07,-2.80859E-03
-1.352E-07,-2.80859E-03
-1.350E-07,-2.61328E-03
-1.348E-07,-2.61328E-03
-1.346E-07,-3.00391E-03
-1.344E-07,-3.39453E-03
-1.342E-07,-2.41797E-03
-1.340E-07,-2.41797E-03
-1.338E-07,-1.44141E-03
-1.336E-07,-1.44141E-03
-1.334E-07,-1.44141E-03
-1.332E-07,-1.63672E-03
-1.330E-07,-1.83203E-03
-1.328E-07,-1.83203E-03
-1.326E-07,-1.83203E-03
-1.324E-07,-1.63672E-03
-1.322E-07,-2.22266E-03
-1.320E-07,-2.22266E-03
-1.318E-07,-2.80859E-03
-1.316E-07,-3.58984E-03
-1.314E-07,-2.80859E-03
-1.312E-07,-2.80859E-03
-1.310E-07,-2.41797E-03
-1.308E-07,-2.02734E-03
-1.306E-07,-2.02734E-03
-1.304E-07,-1.63672E-03
-1.302E-07,-2.61328E-03
-1.300E-07,-3.00391E-03
-1.298E-07,-3.19922E-03
-1.296E-07,-2.80859E-03
-1.294E-07,-2.61328E-03
-1.292E-07,-2.61328E-03
-1.290E-07,-2.22266E-03
-1.288E-07,-2.02734E-03
-1.286E-07,-1.44141E-03
-1.284E-07,-1.05078E-03
-1.282E-07,-1.63672E-03
-1.280E-07,-1.83203E-03
-1.278E-07,-2.61328E-03
-1.276E-07,-2.22266E-03
-1.274E-07,-2.02734E-03
-1.272E-07,-1.44141E-03
-1.270E-07,-1.83203E-03
-1.268E-07,-1.83203E-03
-1.266E-07,-2.02734E-03
-1.264E-07,-1.44141E-03
-1.262E-07,-8.55469E-04
-1.260E-07,-1.24609E-03
-1.258E-07,-2.22266E-03
-1.256E-07,-2.41797E-03
-1.254E-07,-2.61328E-03
-1.252E-07,-2.41797E-03
-1.250E-07,-2.02734E-03
-1.248E-07,-1.83203E-03
-1.246E-07,-1.83203E-03
-1.244E-07,-1.83203E-03
-1.242E-07,-1.83203E-03
-1.240E-07,-2.41797E-03
-1.238E-07,-2.61328E-03
-1.236E-07,-2.41797E-03
-1.234E-07,-2.41797E-03
-1.232E-07,-2.80859E-03
-1.230E-07,-2.61328E-03
-1.228E-07,-1.63672E-03
-1.226E-07,-1.24609E-03
-1.224E-07,-2.02734E-03
-1.222E-07,-2.22266E-03
-1.220E-07,-1.44141E-03
-1.218E-07,-2.02734E-03
-1.216E-07,-2.02734E-03
-1.214E-07,-2.22266E-03
-1.212E-07,-1.44141E-03
-1.210E-07,-1.44141E-03
-1.208E-07,-1.83203E-03
-1.206E-07,-3.00391E-03
-1.204E-07,-2.61328E-03
-1.202E-07,-2.80859E-03
-1.200E-07,-3.19922E-03
-1.198E-07,-2.22266E-03
-1.196E-07,-1.63672E-03
-1.194E-07,-1.44141E-03
-1.192E-07,-2.02734E-03
-1.190E-07,-1.44141E-03
-1.188E-07,-1.83203E-03
-1.186E-07,-1.83203E-03
-1.184E-07,-2.22266E-03
-1.182E-07,-1.83203E-03
-1.180E-07,-1.83203E-03
-1.178E-07,-1.83203E-03
-1.176E-07,-2.22266E-03
-1.174E-07,-2.22266E-03
-1.172E-07,-2.22266E-03
-1.170E-07,-2.02734E-03
-1.168E-07,-2.02734E-03
-1.166E-07,-1.63672E-03
-1.164E-07,-8.55469E-04
-1.162E-07,-1.24609E-03
-1.160E-07,-1.24609E-03
-1.158E-07,-2.22266E-03
-1.156E-07,-2.02734E-03
-1.154E-07,-2.02734E-03
-1.152E-07,-1.83203E-03
-1.150E-07,-2.02734E-03
-1.148E-07,-1.05078E-03
-1.146E-07,-1.05078E-03
-1.144E-07,-8.55469E-04
-1.142E-07,-8.55469E-04
-1.140E-07,-4.64844E-04
-1.138E-07,-1.24609E-03
-1.136E-07,-1.83203E-03
-1.134E-07,-2.41797E-03
-1.132E-07,-2.02734E-03
-1.130E-07,-1.83203E-03
-1.128E-07,-1.63672E-03
-1.126E-07,-1.44141E-03
-1.124E-07,-1.44141E-03
-1.122E-07,-1.63672E-03
-1.120E-07,-1.83203E-03
-1.118E-07,-2.22266E-03
-1.116E-07,-1.83203E-03
-1.114E-07,-1.24609E-03
-1.112E-07,-6.60156E-04
-1.110E-07,-4.64844E-04
-1.108E-07,-6.60156E-04
-1.106E-07,-1.05078E-03
-1.104E-07,-1.44141E-03
-1.102E-07,-2.41797E-03
-1.100E-07,-2.41797E-03
-1.098E-07,-1.83203E-03
-1.096E-07,-1.05078E-03
-1.094E-07,-1.24609E-03
-1.092E-07,-1.24609E-03
-1.090E-07,-2.02734E-03
-1.088E-07,-2.22266E-03
-1.086E-07,-2.41797E-03
-1.084E-07,-2.02734E-03
-1.082E-07,-2.22266E-03
-1.080E-07,-2.61328E-03
-1.078E-07,-3.19922E-03
-1.076E-07,-2.41797E-03
-1.074E-07,-2.80859E-03
-1.072E-07,-1.83203E-03
-1.070E-07,-1.05078E-03
-1.068E-07,-1.24609E-03
-1.066E-07,-1.63672E-03
-1.064E-07,-1.63672E-03
-1.062E-07,-1.63672E-03
-1.060E-07,-2.02734E-03
-1.058E-07,-1.63672E-03
-1.056E-07,-1.63672E-03
-1.054E-07,-1.24609E-03
-1.052E-07,-1.83203E-03
-1.050E-07,-1.83203E-03
-1.048E-07,-2.02734E-03
-1.046E-07,-2.22266E-03
-1.044E-07,-2.02734E-03
-1.042E-07,-1.44141E-03
-1.040E-07,-6.60156E-04
-1.038E-07,-1.05078E-03
-1.036E-07,-1.44141E-03
-1.034E-07,-1.83203E-03
-1.032E-07,-2.02734E-03
-1.030E-07,-2.02734E-03
-1.028E-07,-2.02734E-03
-1.026E-07,-2.41797E-03
-1.024E-07,-2.80859E-03
-1.022E-07,-2.41797E-03
-1.020E-07,-2.22266E-03
-1.018E-07,-2.22266E-03
-1.016E-07,-2.02734E-03
-1.014E-07,-1.83203E-03
-1.012E-07,-1.63672E-03
-1.010E-07,-1.44141E-03
-1.008E-07,-6.60156E-04
-1.006E-07,-1.44141E-03
-1.004E-07,-1.63672E-03
-1.002E-07,-2.02734E-03
-1.000E-07,-2.22266E-03
-9.980E-08,-2.22266E-03
-9.960E-08,-2.02734E-03
-9.940E-08,-2.41797E-03
-9.920E-08,-2.41797E-03
-9.900E-08,-2.61328E-03
-9.880E-08,-2.02734E-03
-9.860E-08,-1.63672E-03
-9.840E-08,-1.63672E-03
-9.820E-08,-1.24609E-03
-9.800E-08,-1.44141E-03
-9.780E-08,-1.63672E-03
-9.760E-08,-8.55469E-04
-9.740E-08,-1.05078E-03
-9.720E-08,-8.55469E-04
-9.700E-08,-1.24609E-03
-9.680E-08,-1.24609E-03
-9.660E-08,-8.55469E-04
-9.640E-08,-8.55469E-04
-9.620E-08,-1.63672E-03
-9.600E-08,-2.02734E-03
-9.580E-08,-2.02734E-03
-9.560E-08,-2.22266E-03
-9.540E-08,-1.83203E-03
-9.520E-08,-1.63672E-03
-9.500E-08,-1.05078E-03
-9.480E-08,-1.05078E-03
-9.460E-08,-1.05078E-03
-9.440E-08,-6.60156E-04
-9.420E-08,-1.24609E-03
-9.400E-08,-1.44141E-03
-9.380E-08,-1.83203E-03
-9.360E-08,-2.02734E-03
-9.340E-08,-1.44141E-03
-9.320E-08,-1.83203E-03
-9.300E-08,-2.41797E-03
-9.280E-08,-1.83203E-03
-9.260E-08,-8.55469E-04
-9.240E-08,-8.55469E-04
-9.220E-08,-4.64844E-04
-9.200E-08,-8.55469E-04
-9.180E-08,-1.05078E-03
-9.160E-08,-1.05078E-03
-9.140E-08,-1.24609E-03
-9.120E-08,-6.60156E-04
-9.100E-08,-2.69531E-04
-9.080E-08,3.16406E-04
-9.060E-08,3.16406E-04
-9.040E-08,-2.69531E-04
-9.020E-08,-1.24609E-03
-9.000E-08,-1.24609E-03
-8.980E-08,-2.02734E-03
-8.960E-08,-2.02734E-03
-8.940E-08,-2.02734E-03
-8.920E-08,-1.83203E-03
-8.900E-08,-1.83203E-03
-8.880E-08,-1.44141E-03
-8.860E-08,-2.02734E-03
-8.840E-08,-1.44141E-03
-8.820E-08,-1.63672E-03
-8.800E-08,-1.44141E-03
-8.780E-08,-1.05078E-03
-8.760E-08,-6.60156E-04
-8.740E-08,-4.64844E-04
-8.720E-08,-4.64844E-04
-8.700E-08,-1.05078E-03
-8.680E-08,-1.83203E-03
-8.660E-08,-1.63672E-03
-8.640E-08,-1.63672E-03
-8.620E-08,-1.05078E-03
-8.600E-08,-6.60156E-04
-8.580E-08,-1.24609E-03
-8.560E-08,-1.83203E-03
-8.540E-08,-1.44141E-03
-8.520E-08,-1.24609E-03
-8.500E-08,-1.44141E-03
-8.480E-08,-1.44141E-03
-8.460E-08,-1.63672E-03
-8.440E-08,-1.44141E-03
-8.420E-08,-2.02734E-03
-8.400E-08,-1.05078E-03
-8.380E-08,-6.60156E-04
-8.360E-08,-7.42188E-05
-8.340E-08,-2.69531E-04
-8.320E-08,-1.05078E-03
-8.300E-08,-1.24609E-03
-8.280E-08,-6.60156E-04
-8.260E-08,1.09766E-03
-8.240E-08,4.02734E-03
-8.220E-08,8.51953E-03
-8.200E-08,1.86758E-02
-8.180E-08,3.66445E-02
-8.160E-08,5.87148E-02
-8.140E-08,7.78555E-02
-8.120E-08,8.66445E-02
-8.100E-08,8.56680E-02
-8.080E-08,8.01992E-02
-8.060E-08,7.19961E-02
-8.040E-08,6.43789E-02
-8.020E-08,5.73477E-02
-8.000E-08,5.16836E-02
-7.980E-08,4.58242E-02
-7.960E-08,4.13320E-02
-7.940E-08,3.68398E-02
-7.920E-08,3.33242E-02
-7.900E-08,2.86367E-02
-7.880E-08,2.47305E-02
-7.860E-08,2.14102E-02
-7.840E-08,1.96523E-02
-7.820E-08,1.73086E-02
-7.800E-08,1.57461E-02
-7.780E-08,1.32070E-02
-7.760E-08,1.06680E-02
-7.740E-08,8.71484E-03
-7.720E-08,6.56641E-03
-7.700E-08,5.00391E-03
-7.680E-08,3.05078E-03
-7.660E-08,-2.69531E-04
-7.640E-08,-5.34766E-03
-7.620E-08,-1.02305E-02
-7.600E-08,-1.21836E-02
-7.580E-08,-1.23789E-02
-7.560E-08,-1.15977E-02
-7.540E-08,-1.08164E-02
-7.520E-08,-9.25391E-03
-7.500E-08,-7.69141E-03
-7.480E-08,-6.12891E-03
-7.460E-08,-4.95703E-03
-7.440E-08,-3.39453E-03
-7.420E-08,-1.83203E-03
-7.400E-08,-2.69531E-04
-7.380E-08,5.11719E-04
-7.360E-08,1.48828E-03
-7.340E-08,2.66016E-03
-7.320E-08,2.66016E-03
-7.300E-08,3.05078E-03
-7.280E-08,3.24609E-03
-7.260E-08,3.05078E-03
-7.240E-08,2.66016E-03
-7.220E-08,3.44141E-03
-7.200E-08,3.83203E-03
-7.180E-08,3.83203E-03
-7.160E-08,4.02734E-03
-7.140E-08,3.24609E-03
-7.120E-08,3.24609E-03
-7.100E-08,4.22266E-03
-7.080E-08,4.80859E-03
-7.060E-08,4.80859E-03
-7.040E-08,4.22266E-03
-7.020E-08,2.66016E-03
-7.000E-08,1.29297E-03
-6.980E-08,1.09766E-03
-6.960E-08,5.11719E-04
-6.940E-08,1.21094E-04
-6.920E-08,-7.42188E-05
-6.900E-08,-1.05078E-03
-6.880E-08,-1.44141E-03
-6.860E-08,-2.02734E-03
-6.840E-08,-1.83203E-03
-6.820E-08,-2.02734E-03
-6.800E-08,-2.80859E-03
-6.780E-08,-3.58984E-03
-6.760E-08,-3.98047E-03
-6.740E-08,-3.98047E-03
-6.720E-08,-3.00391E-03
-6.700E-08,-3.39453E-03
-6.680E-08,-3.39453E-03
-6.660E-08,-3.58984E-03
-6.640E-08,-3.39453E-03
-6.620E-08,-2.80859E-03
-6.600E-08,-2.80859E-03
-6.580E-08,-3.39453E-03
-6.560E-08,-3.39453E-03
-6.540E-08,-3.39453E-03
-6.520E-08,-3.39453E-03
-6.500E-08,-3.39453E-03
-6.480E-08,-2.61328E-03
-6.460E-08,-2.02734E-03
-6.440E-08,-8.55469E-04
-6.420E-08,-1.05078E-03
-6.400E-08,-1.24609E-03
-6.380E-08,-1.83203E-03
-6.360E-08,-2.02734E-03
-6.340E-08,-2.41797E-03
-6.320E-08,-2.22266E-03
-6.300E-08,-2.22266E-03
-6.280E-08,-2.61328E-03
-6.260E-08,-3.19922E-03
-6.240E-08,-3.19922E-03
-6.220E-08,-2.61328E-03
-6.200E-08,-2.61328E-03
-6.180E-08,-2.61328E-03
-6.160E-08,-2.41797E-03
-6.140E-08,-2.22266E-03
-6.120E-08,-1.63672E-03
-6.100E-08,-2.02734E-03
-6.080E-08,-1.83203E-03
-6.060E-08,-1.63672E-03
-6.040E-08,-2.02734E-03
-6.020E-08,-1.83203E-03
-6.000E-08,-2.61328E-03
-5.980E-08,-2.80859E-03
-5.960E-08,-2.80859E-03
-5.940E-08,-3.19922E-03
-5.920E-08,-3.00391E-03
-5.900E-08,-2.61328E-03
-5.880E-08,-2.22266E-03
-5.860E-08,-2.22266E-03
-5.840E-08,-2.61328E-03
-5.820E-08,-2.61328E-03
-5.800E-08,-3.00391E-03
-5.780E-08,-3.39453E-03
-5.760E-08,-3.19922E-03
-5.740E-08,-3.19922E-03
-5.720E-08,-2.22266E-03
-5.700E-08,-1.83203E-03
-5.680E-08,-2.41797E-03
-5.660E-08,-3.00391E-03
-5.640E-08,-3.39453E-03
-5.620E-08,-3.39453E-03
-5.600E-08,-3.58984E-03
-5.580E-08,-3.58984E-03
-5.560E-08,-4.37109E-03
-5.540E-08,-3.78516E-03
-5.520E-08,-3.00391E-03
-5.500E-08,-2.22266E-03
-5.480E-08,-1.83203E-03
-5.460E-08,-2.41797E-03
-5.440E-08,-2.41797E-03
-5.420E-08,-2.22266E-03
-5.400E-08,-2.22266E-03
-5.380E-08,-2.41797E-03
-5.360E-08,-2.41797E-03
-5.340E-08,-2.41797E-03
-5.320E-08,-2.61328E-03
-5.300E-08,-3.39453E-03
-5.280E-08,-3.78516E-03
-5.260E-08,-3.58984E-03
-5.240E-08,-3.19922E-03
-5.220E-08,-2.80859E-03
-5.200E-08,-2.22266E-03
-5.180E-08,-2.02734E-03
-5.160E-08,-2.02734E-03
-5.140E-08,-3.00391E-03
-5.120E-08,-2.61328E-03
-5.100E-08,-3.19922E-03
-5.080E-08,-2.61328E-03
-5.060E-08,-2.61328E-03
-5.040E-08,-2.61328E-03
-5.020E-08,-2.61328E-03
-5.000E-08,-2.41797E-03
-4.980E-08,-2.41797E-03
-4.960E-08,-2.22266E-03
-4.940E-08,-2.80859E-03
-4.920E-08,-2.80859E-03
-4.900E-08,-3.19922E-03
-4.880E-08,-2.41797E-03
-4.860E-08,-2.02734E-03
-4.840E-08,-2.02734E-03
-4.820E-08,-2.02734E-03
-4.800E-08,-1.83203E-03
-4.780E-08,-2.41797E-03
-4.760E-08,-3.00391E-03
-4.740E-08,-3.19922E-03
-4.720E-08,-3.58984E-03
-4.700E-08,-3.98047E-03
-4.680E-08,-2.61328E-03
-4.660E-08,-1.83203E-03
-4.640E-08,-1.24609E-03
-4.620E-08,-1.44141E-03
-4.600E-08,-2.22266E-03
-4.580E-08,-2.41797E-03
-4.560E-08,-2.02734E-03
-4.540E-08,-2.22266E-03
-4.520E-08,-2.02734E-03
-4.500E-08,-2.22266E-03
-4.480E-08,-1.44141E-03
-4.460E-08,-1.44141E-03
-4.440E-08,-1.83203E-03
-4.420E-08,-1.83203E-03
-4.400E-08,-1.63672E-03
-4.380E-08,-1.44141E-03
-4.360E-08,-2.02734E-03
-4.340E-08,-3.00391E-03
-4.320E-08,-3.19922E-03
-4.300E-08,-3.00391E-03
-4.280E-08,-2.61328E-03
-4.260E-08,-2.41797E-03
-4.240E-08,-1.63672E-03
-4.220E-08,-1.44141E-03
-4.200E-08,-2.02734E-03
-4.180E-08,-2.61328E-03
-4.160E-08,-2.61328E-03
-4.140E-08,-2.41797E-03
-4.120E-08,-2.41797E-03
-4.100E-08,-2.02734E-03
-4.080E-08,-1.83203E-03
-4.060E-08,-2.41797E-03
-4.040E-08,-2.61328E-03
-4.020E-08,-2.41797E-03
-4.000E-08,-1.63672E-03
-3.980E-08,-2.02734E-03
-3.960E-08,-1.83203E-03
-3.940E-08,-1.83203E-03
-3.920E-08,-1.44141E-03
-3.900E-08,-1.05078E-03
-3.880E-08,-1.05078E-03
-3.860E-08,-1.05078E-03
-3.840E-08,-1.44141E-03
-3.820E-08,-2.22266E-03
-3.800E-08,-2.41797E-03
-3.780E-08,-3.19922E-03
-3.760E-08,-2.61328E-03
-3.740E-08,-2.61328E-03
-3.720E-08,-2.22266E-03
-3.700E-08,-2.41797E-03
-3.680E-08,-2.22266E-03
-3.660E-08,-2.02734E-03
-3.640E-08,-2.22266E-03
-3.620E-08,-2.61328E-03
-3.600E-08,-2.22266E-03
-3.580E-08,-1.63672E-03
-3.560E-08,-1.63672E-03
-3.540E-08,-2.02734E-03
-3.520E-08,-1.83203E-03
-3.500E-08,-2.02734E-03
-3.480E-08,-1.24609E-03
-3.460E-08,-1.24609E-03
-3.440E-08,-1.63672E-03
-3.420E-08,-2.22266E-03
-3.400E-08,-2.02734E-03
-3.380E-08,-2.02734E-03
-3.360E-08,-2.02734E-03
-3.340E-08,-2.61328E-03
-3.320E-08,-1.83203E-03
-3.300E-08,-2.02734E-03
-3.280E-08,-2.02734E-03
-3.260E-08,-2.41797E-03
-3.240E-08,-2.22266E-03
-3.220E-08,-2.22266E-03
-3.200E-08,-1.63672E-03
-3.180E-08,-1.44141E-03
-3.160E-08,-2.02734E-03
-3.140E-08,-2.61328E-03
-3.120E-08,-2.41797E-03
-3.100E-08,-3.00391E-03
-3.080E-08,-2.80859E-03
-3.060E-08,-2.41797E-03
-3.040E-08,-1.83203E-03
-3.020E-08,-1.44141E-03
-3.000E-08,-6.60156E-04
-2.980E-08,-6.60156E-04
-2.960E-08,-6.60156E-04
-2.940E-08,-1.24609E-03
-2.920E-08,-1.63672E-03
-2.900E-08,-2.02734E-03
-2.880E-08,-2.02734E-03
-2.860E-08,-2.61328E-03
-2.840E-08,-3.19922E-03
-2.820E-08,-3.00391E-03
-2.800E-08,-2.61328E-03
-2.780E-08,-2.22266E-03
-2.760E-08,-1.83203E-03
-2.740E-08,-2.02734E-03
-2.720E-08,-1.83203E-03
-2.700E-08,-1.63672E-03
-2.680E-08,-1.83203E-03
-2.660E-08,-1.44141E-03
-2.640E-08,-1.63672E-03
-2.620E-08,-2.22266E-03
-2.600E-08,-2.61328E-03
-2.580E-08,-2.41797E-03
-2.560E-08,-2.02734E-03
-2.540E-08,-2.41797E-03
-2.520E-08,-2.02734E-03
-2.500E-08,-2.22266E-03
-2.480E-08,-1.83203E-03
-2.460E-08,-1.63672E-03
-2.440E-08,-1.63672E-03
-2.420E-08,-1.83203E-03
-2.400E-08,-1.44141E-03
-2.380E-08,-1.44141E-03
-2.360E-08,-2.22266E-03
-2.340E-08,-2.41797E-03
-2.320E-08,-2.22266E-03
-2.300E-08,-2.41797E-03
-2.280E-08,-2.80859E-03
-2.260E-08,-2.41797E-03
-2.240E-08,-2.02734E-03
-2.220E-08,-1.63672E-03
-2.200E-08,-2.02734E-03
-2.180E-08,-2.22266E-03
-2.160E-08,-2.22266E-03
-2.140E-08,-2.22266E-03
-2.120E-08,-2.22266E-03
-2.100E-08,-2.41797E-03
-2.080E-08,-2.02734E-03
-2.060E-08,-1.63672E-03
-2.040E-08,-1.44141E-03
-2.020E-08,-1.83203E-03
-2.000E-08,-2.02734E-03
-1.980E-08,-1.44141E-03
-1.960E-08,-2.02734E-03
-1.940E-08,-2.61328E-03
-1.920E-08,-2.22266E-03
-1.900E-08,-2.41797E-03
-1.880E-08,-1.83203E-03
-1.860E-08,-1.44141E-03
-1.840E-08,-1.63672E-03
-1.820E-08,-1.44141E-03
-1.800E-08,-2.02734E-03
-1.780E-08,-1.63672E-03
-1.760E-08,-1.44141E-03
-1.740E-08,-1.24609E-03
-1.720E-08,-8.55469E-04
-1.700E-08,-1.24609E-03
-1.680E-08,-1.44141E-03
-1.660E-08,-2.02734E-03
-1.640E-08,-2.02734E-03
-1.620E-08,-2.02734E-03
-1.600E-08,-1.63672E-03
-1.580E-08,-1.83203E-03
-1.560E-08,-1.83203E-03
-1.540E-08,-1.63672E-03
-1.520E-08,-1.83203E-03
-1.500E-08,-1.83203E-03
-1.480E-08,-2.22266E-03
-1.460E-08,-2.61328E-03
-1.440E-08,-2.02734E-03
-1.420E-08,-2.22266E-03
-1.400E-08,-1.83203E-03
-1.380E-08,-1.44141E-03
-1.360E-08,-1.24609E-03
-1.340E-08,-1.44141E-03
-1.320E-08,-1.05078E-03
-1.300E-08,-1.24609E-03
-1.280E-08,-1.44141E-03
-1.260E-08,-1.83203E-03
-1.240E-08,-1.63672E-03
-1.220E-08,-1.83203E-03
-1.200E-08,-1.63672E-03
-1.180E-08,-1.24609E-03
-1.160E-08,-4.64844E-04
-1.140E-08,-4.64844E-04
-1.120E-08,-1.44141E-03
-1.100E-08,-1.83203E-03
-1.080E-08,-1.63672E-03
-1.060E-08,-2.22266E-03
-1.040E-08,-1.44141E-03
-1.020E-08,-1.05078E-03
-1.000E-08,-6.60156E-04
-9.800E-09,-6.60156E-04
-9.600E-09,-8.55469E-04
-9.400E-09,-6.60156E-04
-9.200E-09,-2.69531E-04
-9.000E-09,3.16406E-04
-8.800E-09,-7.42188E-05
-8.600E-09,-1.05078E-03
-8.400E-09,-1.05078E-03
-8.200E-09,-1.24609E-03
-8.000E-09,-1.44141E-03
-7.800E-09,-1.24609E-03
-7.600E-09,-1.05078E-03
-7.400E-09,-1.05078E-03
-7.200E-09,-4.64844E-04
-7.000E-09,-1.05078E-03
-6.800E-09,-1.63672E-03
-6.600E-09,-2.02734E-03
-6.400E-09,-2.22266E-03
-6.200E-09,-1.83203E-03
-6.000E-09,-1.63672E-03
-5.800E-09,-6.60156E-04
-5.600E-09,-4.64844E-04
-5.400E-09,-8.55469E-04
-5.200E-09,-1.44141E-03
-5.000E-09,-1.44141E-03
-4.800E-09,-1.44141E-03
-4.600E-09,-1.63672E-03
-4.400E-09,-1.83203E-03
-4.200E-09,-1.63672E-03
-4.000E-09,-6.60156E-04
-3.800E-09,-7.42188E-05
-3.600E-09,-2.69531E-04
-3.400E-09,-6.60156E-04
-3.200E-09,-1.05078E-03
-3.000E-09,-4.64844E-04
-2.800E-09,-1.44141E-03
-2.600E-09,-2.22266E-03
-2.400E-09,-2.22266E-03
-2.200E-09,-1.05078E-03
-2.000E-09,-2.69531E-04
-1.800E-09,-7.42188E-05
-1.600E-09,-7.42188E-05
-1.400E-09,5.11719E-04
-1.200E-09,1.68359E-03
-1.000E-09,2.85547E-03
-8.000E-10,6.76172E-03
-6.000E-10,1.41836E-02
-4.000E-10,2.92227E-02
-2.000E-10,5.09023E-02
3.200E-23,7.19961E-02
2.000E-10,8.43008E-02
4.000E-10,8.56680E-02
6.000E-10,8.15664E-02
8.000E-10,7.41445E-02
1.000E-09,6.65273E-02
1.200E-09,5.94961E-02
1.400E-09,5.32461E-02
1.600E-09,4.83633E-02
1.800E-09,4.30898E-02
2.000E-09,3.85977E-02
2.200E-09,3.37148E-02
2.400E-09,2.98086E-02
2.600E-09,2.66836E-02
2.800E-09,2.39492E-02
3.000E-09,2.14102E-02
3.200E-09,1.84805E-02
3.400E-09,1.55508E-02
3.600E-09,1.34023E-02
3.800E-09,1.08633E-02
4.000E-09,8.91016E-03
4.200E-09,6.95703E-03
4.400E-09,5.00391E-03
4.600E-09,2.85547E-03
4.800E-09,7.07031E-04
5.000E-09,-3.78516E-03
5.200E-09,-8.08203E-03
5.400E-09,-1.25742E-02
5.600E-09,-1.39414E-02
5.800E-09,-1.33555E-02
6.000E-09,-1.19883E-02
6.200E-09,-1.10117E-02
6.400E-09,-9.44922E-03
6.600E-09,-9.25391E-03
6.800E-09,-7.30078E-03
7.000E-09,-5.34766E-03
7.200E-09,-3.00391E-03
7.400E-09,-1.44141E-03
7.600E-09,-7.42188E-05
7.800E-09,1.29297E-03
8.000E-09,2.85547E-03
8.200E-09,3.05078E-03
8.400E-09,3.05078E-03
8.600E-09,3.05078E-03
8.800E-09,3.44141E-03
9.000E-09,3.83203E-03
9.200E-09,4.02734E-03
9.400E-09,3.83203E-03
9.600E-09,3.44141E-03
9.800E-09,3.83203E-03
1.000E-08,4.02734E-03
1.020E-08,3.44141E-03
1.040E-08,3.83203E-03
1.060E-08,4.41797E-03
1.080E-08,4.41797E-03
1.100E-08,3.24609E-03
1.120E-08,2.66016E-03
1.140E-08,2.07422E-03
1.160E-08,1.29297E-03
1.180E-08,5.11719E-04
1.200E-08,7.07031E-04
1.220E-08,1.21094E-04
1.240E-08,-2.69531E-04
1.260E-08,-1.05078E-03
1.280E-08,-2.02734E-03
1.300E-08,-2.61328E-03
1.320E-08,-3.00391E-03
1.340E-08,-3.39453E-03
1.360E-08,-3.19922E-03
1.380E-08,-3.98047E-03
1.400E-08,-3.19922E-03
1.420E-08,-3.19922E-03
1.440E-08,-2.80859E-03
1.460E-08,-3.00391E-03
1.480E-08,-3.58984E-03
1.500E-08,-3.39453E-03
1.520E-08,-3.19922E-03
1.540E-08,-3.00391E-03
1.560E-08,-3.39453E-03
1.580E-08,-3.58984E-03
1.600E-08,-3.39453E-03
1.620E-08,-3.00391E-03
1.640E-08,-2.80859E-03
1.660E-08,-2.61328E-03
1.680E-08,-2.41797E-03
1.700E-08,-2.02734E-03
1.720E-08,-1.83203E-03
1.740E-08,-1.63672E-03
1.760E-08,-8.55469E-04
1.780E-08,-6.60156E-04
1.800E-08,-1.63672E-03
1.820E-08,-1.63672E-03
1.840E-08,-2.02734E-03
1.860E-08,-1.83203E-03
1.880E-08,-2.22266E-03
1.900E-08,-2.80859E-03
1.920E-08,-2.41797E-03
1.940E-08,-2.41797E-03
1.960E-08,-2.22266E-03
1.980E-08,-2.22266E-03
2.000E-08,-2.61328E-03
2.020E-08,-3.00391E-03
2.040E-08,-2.80859E-03
2.060E-08,-2.41797E-03
2.080E-08,-2.80859E-03
2.100E-08,-2.41797E-03
2.120E-08,-2.02734E-03
2.140E-08,-2.22266E-03
2.160E-08,-2.41797E-03
2.180E-08,-2.61328E-03
2.200E-08,-2.41797E-03
2.220E-08,-2.41797E-03
2.240E-08,-2.41797E-03
2.260E-08,-2.61328E-03
2.280E-08,-2.80859E-03
2.300E-08,-2.80859E-03
2.320E-08,-3.78516E-03
2.340E-08,-3.78516E-03
2.360E-08,-3.00391E-03
2.380E-08,-2.80859E-03
2.400E-08,-3.00391E-03
2.420E-08,-3.19922E-03
2.440E-08,-3.19922E-03
2.460E-08,-3.78516E-03
2.480E-08,-4.17578E-03
2.500E-08,-4.17578E-03
2.520E-08,-3.58984E-03
2.540E-08,-3.78516E-03
2.560E-08,-3.19922E-03
2.580E-08,-3.19922E-03
2.600E-08,-3.00391E-03
2.620E-08,-3.19922E-03
2.640E-08,-2.80859E-03
2.660E-08,-2.61328E-03
2.680E-08,-2.80859E-03
2.700E-08,-3.00391E-03
2.720E-08,-3.00391E-03
2.740E-08,-3.19922E-03
2.760E-08,-3.19922E-03
2.780E-08,-3.00391E-03
2.800E-08,-2.61328E-03
2.820E-08,-2.02734E-03
2.840E-08,-1.63672E-03
2.860E-08,-1.44141E-03
2.880E-08,-1.44141E-03
2.900E-08,-1.63672E-03
2.920E-08,-2.80859E-03
2.940E-08,-3.58984E-03
2.960E-08,-3.98047E-03
2.980E-08,-3.98047E-03
3.000E-08,-3.58984E-03
3.020E-08,-3.39453E-03
3.040E-08,-2.80859E-03
3.060E-08,-2.61328E-03
3.080E-08,-2.22266E-03
3.100E-08,-2.02734E-03
3.120E-08,-2.02734E-03
3.140E-08,-2.02734E-03
3.160E-08,-2.22266E-03
3.180E-08,-2.61328E-03
3.200E-08,-2.41797E-03
3.220E-08,-2.61328E-03
3.240E-08,-2.61328E-03
3.260E-08,-3.00391E-03
3.280E-08,-2.61328E-03
3.300E-08,-2.41797E-03
3.320E-08,-2.22266E-03
3.340E-08,-2.22266E-03
3.360E-08,-1.44141E-03
3.380E-08,-2.22266E-03
3.400E-08,-1.63672E-03
3.420E-08,-1.83203E-03
3.440E-08,-1.63672E-03
3.460E-08,-1.63672E-03
3.480E-08,-1.63672E-03
3.500E-08,-1.83203E-03
3.520E-08,-2.22266E-03
3.540E-08,-3.19922E-03
3.560E-08,-2.80859E-03
3.580E-08,-3.00391E-03
3.600E-08,-2.80859E-03
3.620E-08,-2.41797E-03
3.640E-08,-2.22266E-03
3.660E-08,-1.83203E-03
3.680E-08,-2.41797E-03
3.700E-08,-3.00391E-03
3.720E-08,-2.80859E-03
3.740E-08,-2.80859E-03
3.760E-08,-2.22266E-03
3.780E-08,-1.83203E-03
3.800E-08,-1.63672E-03
3.820E-08,-1.24609E-03
3.840E-08,-1.05078E-03
3.860E-08,-1.83203E-03
3.880E-08,-1.83203E-03
3.900E-08,-3.00391E-03
3.920E-08,-3.78516E-03
3.940E-08,-3.98047E-03
3.960E-08,-2.80859E-03
3.980E-08,-2.80859E-03
4.000E-08,-2.02734E-03
4.020E-08,-2.41797E-03
4.040E-08,-2.41797E-03
4.060E-08,-2.02734E-03
4.080E-08,-2.02734E-03
4.100E-08,-2.80859E-03
4.120E-08,-2.41797E-03
4.140E-08,-2.22266E-03
4.160E-08,-2.02734E-03
4.180E-08,-2.22266E-03
4.200E-08,-2.61328E-03
4.220E-08,-2.80859E-03
4.240E-08,-2.41797E-03
4.260E-08,-2.41797E-03
4.280E-08,-2.02734E-03
4.300E-08,-2.02734E-03
4.320E-08,-1.83203E-03
4.340E-08,-1.83203E-03
4.360E-08,-1.83203E-03
4.380E-08,-2.02734E-03
4.400E-08,-2.61328E-03
4.420E-08,-2.61328E-03
4.440E-08,-1.83203E-03
4.460E-08,-1.24609E-03
4.480E-08,-8.55469E-04
4.500E-08,-1.83203E-03
4.520E-08,-2.22266E-03
4.540E-08,-2.80859E-03
4.560E-08,-3.19922E-03
4.580E-08,-2.41797E-03
4.600E-08,-1.83203E-03
4.620E-08,-1.63672E-03
4.640E-08,-1.05078E-03
4.660E-08,-1.44141E-03
4.680E-08,-1.83203E-03
4.700E-08,-1.83203E-03
4.720E-08,-1.83203E-03
4.740E-08,-2.02734E-03
4.760E-08,-1.63672E-03
4.780E-08,-1.05078E-03
4.800E-08,-1.05078E-03
4.820E-08,-1.24609E-03
4.840E-08,-1.05078E-03
4.860E-08,-1.63672E-03
4.880E-08,-6.60156E-04
4.900E-08,-1.05078E-03
4.920E-08,-1.24609E-03
4.940E-08,-1.63672E-03
4.960E-08,-2.22266E-03
4.980E-08,-3.00391E-03
5.000E-08,-2.61328E-03
5.020E-08,-2.41797E-03
5.040E-08,-1.63672E-03
5.060E-08,-1.63672E-03
5.080E-08,-1.63672E-03
5.100E-08,-2.22266E-03
5.120E-08,-2.61328E-03
5.140E-08,-2.61328E-03
5.160E-08,-2.02734E-03
5.180E-08,-2.41797E-03
5.200E-08,-1.44141E-03
5.220E-08,-1.63672E-03
5.240E-08,-1.44141E-03
5.260E-08,-1.44141E-03
5.280E-08,-1.05078E-03
5.300E-08,-1.05078E-03
5.320E-08,-1.05078E-03
5.340E-08,-1.44141E-03
5.360E-08,-1.24609E-03
5.380E-08,-2.02734E-03
5.400E-08,-3.00391E-03
5.420E-08,-2.80859E-03
5.440E-08,-2.22266E-03
5.460E-08,-1.63672E-03
5.480E-08,-8.55469E-04
5.500E-08,-1.05078E-03
5.520E-08,-1.24609E-03
5.540E-08,-1.63672E-03
5.560E-08,-1.83203E-03
5.580E-08,-2.22266E-03
5.600E-08,-1.63672E-03
5.620E-08,-1.63672E-03
5.640E-08,-8.55469E-04
5.660E-08,-1.24609E-03
5.680E-08,-8.55469E-04
5.700E-08,-6.60156E-04
5.720E-08,-6.60156E-04
5.740E-08,-8.55469E-04
5.760E-08,-6.60156E-04
5.780E-08,-1.05078E-03
5.800E-08,-1.24609E-03
5.820E-08,-2.02734E-03
5.840E-08,-1.24609E-03
5.860E-08,-8.55469E-04
5.880E-08,-1.44141E-03
5.900E-08,-1.63672E-03
5.920E-08,-2.02734E-03
5.940E-08,-1.83203E-03
5.960E-08,-2.02734E-03
5.980E-08,-1.83203E-03
6.000E-08,-1.24609E-03
6.020E-08,-4.64844E-04
6.040E-08,-4.64844E-04
6.060E-08,1.21094E-04
6.080E-08,-2.69531E-04
6.100E-08,-7.42188E-05
6.120E-08,-6.60156E-04
6.140E-08,-1.24609E-03
6.160E-08,-2.02734E-03
6.180E-08,-3.00391E-03
6.200E-08,-3.19922E-03
6.220E-08,-2.61328E-03
6.240E-08,-1.63672E-03
6.260E-08,-1.05078E-03
6.280E-08,-8.55469E-04
6.300E-08,-1.24609E-03
6.320E-08,-1.24609E-03
6.340E-08,-2.02734E-03
6.360E-08,-1.63672E-03
6.380E-08,-1.63672E-03
6.400E-08,-1.83203E-03
6.420E-08,-1.83203E-03
6.440E-08,-2.02734E-03
6.460E-08,-1.83203E-03
6.480E-08,-1.24609E-03
6.500E-08,-7.42188E-05
6.520E-08,1.21094E-04
6.540E-08,-8.55469E-04
6.560E-08,-8.55469E-04
6.580E-08,-1.44141E-03
6.600E-08,-1.83203E-03
6.620E-08,-2.02734E-03
6.640E-08,-2.41797E-03
6.660E-08,-1.83203E-03
6.680E-08,-1.63672E-03
6.700E-08,-1.24609E-03
6.720E-08,-1.24609E-03
6.740E-08,-1.63672E-03
6.760E-08,-1.24609E-03
6.780E-08,-1.24609E-03
6.800E-08,-1.05078E-03
6.820E-08,-1.24609E-03
6.840E-08,-1.24609E-03
6.860E-08,-1.24609E-03
6.880E-08,-8.55469E-04
6.900E-08,-1.44141E-03
6.920E-08,-8.55469E-04
6.940E-08,-1.05078E-03
6.960E-08,-1.63672E-03
6.980E-08,-1.05078E-03
7.000E-08,-1.05078E-03
7.020E-08,-1.24609E-03
7.040E-08,-6.60156E-04
7.060E-08,-1.24609E-03
7.080E-08,-8.55469E-04
7.100E-08,-1.24609E-03
7.120E-08,-1.24609E-03
7.140E-08,-1.44141E-03
7.160E-08,-1.83203E-03
7.180E-08,-1.83203E-03
7.200E-08,-1.63672E-03
7.220E-08,-1.44141E-03
7.240E-08,-1.44141E-03
7.260E-08,-1.24609E-03
7.280E-08,-1.05078E-03
7.300E-08,-8.55469E-04
7.320E-08,-1.44141E-03
7.340E-08,-1.05078E-03
7.360E-08,-1.44141E-03
7.380E-08,-1.63672E-03
7.400E-08,-2.22266E-03
7.420E-08,-1.63672E-03
7.440E-08,-1.63672E-03
7.460E-08,-1.44141E-03
7.480E-08,-8.55469E-04
7.500E-08,-1.05078E-03
7.520E-08,-8.55469E-04
7.540E-08,-8.55469E-04
7.560E-08,-8.55469E-04
7.580E-08,-6.60156E-04
7.600E-08,-2.69531E-04
7.620E-08,-2.69531E-04
7.640E-08,-2.69531E-04
7.660E-08,-8.55469E-04
7.680E-08,-2.22266E-03
7.700E-08,-2.61328E-03
7.720E-08,-2.41797E-03
7.740E-08,-1.83203E-03
7.760E-08,-1.63672E-03
7.780E-08,-1.83203E-03
7.800E-08,-1.44141E-03
7.820E-08,-1.44141E-03
7.840E-08,-1.24609E-03
7.860E-08,-1.24609E-03
7.880E-08,-6.60156E-04
7.900E-08,-1.05078E-03
7.920E-08,-1.24609E-03
7.940E-08,-1.44141E-03
7.960E-08,-1.05078E-03
7.980E-08,-1.05078E-03
8.000E-08,-4.64844E-04
8.020E-08,1.21094E-04
8.040E-08,1.68359E-03
8.060E-08,4.61328E-03
8.080E-08,1.06680E-02
8.100E-08,2.23867E-02
8.120E-08,4.23086E-02
8.140E-08,6.49648E-02
8.160E-08,8.13711E-02
8.180E-08,8.66445E-02
8.200E-08,8.41055E-02
8.220E-08,7.70742E-02
8.240E-08,6.94570E-02
8.260E-08,6.18398E-02
8.280E-08,5.50039E-02
8.300E-08,4.93398E-02
8.320E-08,4.46523E-02
8.340E-08,3.97695E-02
8.360E-08,3.50820E-02
8.380E-08,3.11758E-02
8.400E-08,2.76602E-02
8.420E-08,2.47305E-02
8.440E-08,2.19961E-02
8.460E-08,1.84805E-02
8.480E-08,1.61367E-02
8.500E-08,1.37930E-02
8.520E-08,1.18398E-02
8.540E-08,9.69141E-03
8.560E-08,8.51953E-03
8.580E-08,6.76172E-03
8.600E-08,5.00391E-03
8.620E-08,2.66016E-03
8.640E-08,-1.63672E-03
8.660E-08,-7.10547E-03
8.680E-08,-1.06211E-02
8.700E-08,-1.27695E-02
8.720E-08,-1.23789E-02
8.740E-08,-1.08164E-02
8.760E-08,-9.44922E-03
8.780E-08,-9.05859E-03
8.800E-08,-7.88672E-03
8.820E-08,-7.30078E-03
8.840E-08,-5.15234E-03
8.860E-08,-3.19922E-03
8.880E-08,-1.83203E-03
8.900E-08,-6.60156E-04
8.920E-08,1.09766E-03
8.940E-08,1.87891E-03
8.960E-08,2.07422E-03
8.980E-08,1.87891E-03
9.000E-08,2.66016E-03
9.020E-08,3.05078E-03
9.040E-08,3.05078E-03
9.060E-08,3.63672E-03
9.080E-08,4.22266E-03
9.100E-08,4.80859E-03
9.120E-08,5.19922E-03
9.140E-08,4.41797E-03
9.160E-08,3.83203E-03
9.180E-08,3.63672E-03
9.200E-08,4.02734E-03
9.220E-08,4.41797E-03
9.240E-08,3.44141E-03
9.260E-08,3.44141E-03
9.280E-08,3.44141E-03
9.300E-08,2.66016E-03
9.320E-08,2.66016E-03
9.340E-08,2.07422E-03
9.360E-08,9.02344E-04
9.380E-08,-1.05078E-03
9.400E-08,-1.44141E-03
9.420E-08,-2.02734E-03
9.440E-08,-2.61328E-03
9.460E-08,-3.19922E-03
9.480E-08,-3.39453E-03
9.500E-08,-3.78516E-03
9.520E-08,-3.19922E-03
9.540E-08,-3.78516E-03
9.560E-08,-3.98047E-03
9.580E-08,-3.78516E-03
9.600E-08,-2.80859E-03
9.620E-08,-2.61328E-03
9.640E-08,-2.80859E-03
9.660E-08,-3.39453E-03
9.680E-08,-4.37109E-03
9.700E-08,-3.78516E-03
9.720E-08,-3.39453E-03
9.740E-08,-3.39453E-03
9.760E-08,-3.39453E-03
9.780E-08,-3.00391E-03
9.800E-08,-3.39453E-03
9.820E-08,-3.39453E-03
9.840E-08,-3.19922E-03
9.860E-08,-2.61328E-03
9.880E-08,-2.41797E-03
9.900E-08,-2.61328E-03
9.920E-08,-2.41797E-03
9.940E-08,-2.61328E-03
9.960E-08,-2.22266E-03
9.980E-08,-2.22266E-03
1.000E-07,-2.02734E-03
1.002E-07,-3.00391E-03
1.004E-07,-3.39453E-03
1.006E-07,-3.00391E-03
1.008E-07,-2.80859E-03
1.010E-07,-2.61328E-03
1.012E-07,-2.61328E-03
1.014E-07,-2.80859E-03
1.016E-07,-2.80859E-03
1.018E-07,-2.80859E-03
1.020E-07,-3.00391E-03
1.022E-07,-2.80859E-03
1.024E-07,-3.00391E-03
1.026E-07,-3.58984E-03
1.028E-07,-3.39453E-03
1.030E-07,-3.39453E-03
1.032E-07,-3.39453E-03
1.034E-07,-2.61328E-03
1.036E-07,-2.41797E-03
1.038E-07,-3.00391E-03
1.040E-07,-3.19922E-03
1.042E-07,-3.19922E-03
1.044E-07,-3.19922E-03
1.046E-07,-3.00391E-03
1.048E-07,-3.00391E-03
1.050E-07,-3.19922E-03
1.052E-07,-3.00391E-03
1.054E-07,-2.80859E-03
1.056E-07,-2.61328E-03
1.058E-07,-2.22266E-03
1.060E-07,-2.80859E-03
1.062E-07,-2.41797E-03
1.064E-07,-2.02734E-03
1.066E-07,-2.80859E-03
1.068E-07,-3.39453E-03
1.070E-07,-3.19922E-03
1.072E-07,-2.80859E-03
1.074E-07,-2.41797E-03
1.076E-07,-2.41797E-03
1.078E-07,-2.80859E-03
1.080E-07,-3.39453E-03
1.082E-07,-3.39453E-03
1.084E-07,-4.56641E-03
1.086E-07,-4.76172E-03
1.088E-07,-3.78516E-03
1.090E-07,-3.39453E-03
1.092E-07,-2.61328E-03
1.094E-07,-2.41797E-03
1.096E-07,-2.02734E-03
1.098E-07,-3.00391E-03
1.100E-07,-3.00391E-03
1.102E-07,-2.80859E-03
1.104E-07,-2.02734E-03
1.106E-07,-1.83203E-03
1.108E-07,-2.41797E-03
1.110E-07,-2.61328E-03
1.112E-07,-3.00391E-03
1.114E-07,-3.39453E-03
1.116E-07,-3.98047E-03
1.118E-07,-3.19922E-03
1.120E-07,-3.00391E-03
1.122E-07,-2.61328E-03
1.124E-07,-2.61328E-03
1.126E-07,-2.22266E-03
1.128E-07,-1.83203E-03
1.130E-07,-1.83203E-03
1.132E-07,-2.22266E-03
1.134E-07,-3.39453E-03
1.136E-07,-3.58984E-03
1.138E-07,-3.00391E-03
1.140E-07,-2.41797E-03
1.142E-07,-2.41797E-03
1.144E-07,-2.02734E-03
1.146E-07,-1.83203E-03
1.148E-07,-2.80859E-03
1.150E-07,-3.19922E-03
1.152E-07,-3.39453E-03
1.154E-07,-2.61328E-03
1.156E-07,-1.63672E-03
1.158E-07,-1.44141E-03
1.160E-07,-1.63672E-03
1.162E-07,-2.22266E-03
1.164E-07,-2.80859E-03
1.166E-07,-2.61328E-03
1.168E-07,-2.80859E-03
1.170E-07,-2.61328E-03
1.172E-07,-2.22266E-03
1.174E-07,-1.44141E-03
1.176E-07,-1.63672E-03
1.178E-07,-2.61328E-03
1.180E-07,-3.00391E-03
1.182E-07,-3.39453E-03
1.184E-07,-3.00391E-03
1.186E-07,-2.41797E-03
1.188E-07,-1.83203E-03
1.190E-07,-1.83203E-03
1.192E-07,-1.05078E-03
1.194E-07,-8.55469E-04
1.196E-07,-1.44141E-03
1.198E-07,-2.80859E-03
1.200E-07,-3.39453E-03
1.202E-07,-3.39453E-03
1.204E-07,-2.22266E-03
1.206E-07,-1.24609E-03
1.208E-07,-1.05078E-03
1.210E-07,-1.05078E-03
1.212E-07,-1.63672E-03
1.214E-07,-2.41797E-03
1.216E-07,-2.22266E-03
1.218E-07,-3.19922E-03
1.220E-07,-3.19922E-03
1.222E-07,-3.39453E-03
1.224E-07,-2.80859E-03
1.226E-07,-2.61328E-03
1.228E-07,-2.02734E-03
1.230E-07,-1.24609E-03
1.232E-07,-1.05078E-03
1.234E-07,-1.83203E-03
1.236E-07,-2.61328E-03
1.238E-07,-2.80859E-03
1.240E-07,-2.22266E-03
1.242E-07,-2.22266E-03
1.244E-07,-2.22266E-03
1.246E-07,-2.61328E-03
1.248E-07,-2.80859E-03
1.250E-07,-2.80859E-03
1.252E-07,-2.61328E-03
1.254E-07,-2.61328E-03
1.256E-07,-2.41797E-03
1.258E-07,-2.61328E-03
1.260E-07,-2.80859E-03
1.262E-07,-2.80859E-03
1.264E-07,-2.02734E-03
1.266E-07,-1.44141E-03
1.268E-07,-1.24609E-03
1.270E-07,-1.24609E-03
1.272E-07,-1.44141E-03
1.274E-07,-1.63672E-03
1.276E-07,-2.02734E-03
1.278E-07,-2.02734E-03
1.280E-07,-1.83203E-03
1.282E-07,-2.22266E-03
1.284E-07,-2.41797E-03
1.286E-07,-2.61328E-03
1.288E-07,-2.80859E-03
1.290E-07,-2.61328E-03
1.292E-07,-2.02734E-03
1.294E-07,-1.83203E-03
1.296E-07,-1.44141E-03
1.298E-07,-1.44141E-03
1.300E-07,-2.02734E-03
1.302E-07,-2.41797E-03
1.304E-07,-3.19922E-03
1.306E-07,-2.61328E-03
1.308E-07,-3.00391E-03
1.310E-07,-2.22266E-03
1.312E-07,-2.02734E-03
1.314E-07,-1.63672E-03
1.316E-07,-2.41797E-03
1.318E-07,-2.80859E-03
1.320E-07,-2.80859E-03
1.322E-07,-3.19922E-03
1.324E-07,-3.00391E-03
1.326E-07,-2.80859E-03
1.328E-07,-1.44141E-03
1.330E-07,-1.44141E-03
1.332E-07,-1.05078E-03
1.334E-07,-1.63672E-03
1.336E-07,-1.63672E-03
1.338E-07,-1.83203E-03
1.340E-07,-1.44141E-03
1.342E-07,-1.83203E-03
1.344E-07,-1.44141E-03
1.346E-07,-1.63672E-03
1.348E-07,-1.83203E-03
1.350E-07,-2.22266E-03
1.352E-07,-2.22266E-03
1.354E-07,-1.63672E-03
1.356E-07,-1.44141E-03
1.358E-07,-1.83203E-03
1.360E-07,-2.22266E-03
1.362E-07,-2.41797E-03
1.364E-07,-2.02734E-03
1.366E-07,-1.83203E-03
1.368E-07,-1.63672E-03
1.370E-07,-1.83203E-03
1.372E-07,-1.44141E-03
1.374E-07,-1.83203E-03
1.376E-07,-1.44141E-03
1.378E-07,-1.44141E-03
1.380E-07,-6.60156E-04
1.382E-07,-6.60156E-04
1.384E-07,-1.05078E-03
1.386E-07,-1.83203E-03
1.388E-07,-2.41797E-03
1.390E-07,-2.02734E-03
1.392E-07,-1.05078E-03
1.394E-07,-8.55469E-04
1.396E-07,-1.05078E-03
1.398E-07,-1.24609E-03
1.400E-07,-1.44141E-03
1.402E-07,-1.63672E-03
1.404E-07,-1.44141E-03
1.406E-07,-1.24609E-03
1.408E-07,-1.83203E-03
1.410E-07,-1.63672E-03
1.412E-07,-1.44141E-03
1.414E-07,-1.05078E-03
1.416E-07,-1.44141E-03
1.418E-07,-1.63672E-03
1.420E-07,-1.83203E-03
1.422E-07,-1.44141E-03
1.424E-07,-1.83203E-03
1.426E-07,-2.22266E-03
1.428E-07,-2.80859E-03
1.430E-07,-1.83203E-03
1.432E-07,-8.55469E-04
1.434E-07,-6.60156E-04
1.436E-07,-1.05078E-03
1.438E-07,-1.05078E-03
1.440E-07,-1.63672E-03
1.442E-07,-1.63672E-03
1.444E-07,-1.63672E-03
1.446E-07,-1.24609E-03
1.448E-07,-8.55469E-04
1.450E-07,-1.05078E-03
1.452E-07,-1.24609E-03
1.454E-07,-1.05078E-03
1.456E-07,-1.24609E-03
1.458E-07,-6.60156E-04
1.460E-07,-1.44141E-03
1.462E-07,-2.41797E-03
1.464E-07,-2.61328E-03
1.466E-07,-2.22266E-03
1.468E-07,-1.63672E-03
1.470E-07,-8.55469E-04
1.472E-07,-6.60156E-04
1.474E-07,-8.55469E-04
1.476E-07,-1.24609E-03
1.478E-07,-1.83203E-03
1.480E-07,-2.02734E-03
1.482E-07,-1.44141E-03
1.484E-07,-1.63672E-03
1.486E-07,-1.83203E-03
1.488E-07,-2.02734E-03
1.490E-07,-1.24609E-03
1.492E-07,-1.05078E-03
1.494E-07,-1.05078E-03
1.496E-07,-8.55469E-04
1.498E-07,-8.55469E-04
1.500E-07,-1.44141E-03
1.502E-07,-1.63672E-03
1.504E-07,-1.63672E-03
1.506E-07,-1.63672E-03
1.508E-07,-3.00391E-03
1.510E-07,-3.39453E-03
1.512E-07,-2.22266E-03
1.514E-07,-1.44141E-03
1.516E-07,-6.60156E-04
1.518E-07,-8.55469E-04
1.520E-07,-1.63672E-03
1.522E-07,-2.41797E-03
1.524E-07,-2.22266E-03
1.526E-07,-2.22266E-03
1.528E-07,-2.02734E-03
1.530E-07,-1.05078E-03
1.532E-07,-4.64844E-04
1.534E-07,-4.64844E-04
1.536E-07,-4.64844E-04
1.538E-07,-1.63672E-03
1.540E-07,-1.63672E-03
1.542E-07,-1.44141E-03
1.544E-07,-8.55469E-04
1.546E-07,-8.55469E-04
1.548E-07,-1.24609E-03
1.550E-07,-1.05078E-03
1.552E-07,-1.63672E-03
1.554E-07,-1.63672E-03
1.556E-07,-1.63672E-03
1.558E-07,-8.55469E-04
1.560E-07,-6.60156E-04
1.562E-07,-1.24609E-03
1.564E-07,-2.41797E-03
1.566E-07,-2.22266E-03
1.568E-07,-2.02734E-03
1.570E-07,-1.83203E-03
1.572E-07,-1.83203E-03
1.574E-07,-2.02734E-03
1.576E-07,-1.83203E-03
1.578E-07,-1.05078E-03
1.580E-07,-4.64844E-04
1.582E-07,-2.69531E-04
1.584E-07,-1.05078E-03
1.586E-07,-1.63672E-03
1.588E-07,-2.22266E-03
1.590E-07,-2.02734E-03
1.592E-07,-1.83203E-03
1.594E-07,-1.63672E-03
1.596E-07,-8.55469E-04
1.598E-07,-7.42188E-05
1.600E-07,-1.05078E-03
1.602E-07,-2.41797E-03
1.604E-07,-2.41797E-03
1.606E-07,-2.22266E-03
1.608E-07,-1.44141E-03
1.610E-07,-1.44141E-03
1.612E-07,-8.55469E-04
1.614E-07,-6.60156E-04
1.616E-07,1.21094E-04
1.618E-07,1.48828E-03
1.620E-07,3.63672E-03
1.622E-07,8.32422E-03
1.624E-07,1.71133E-02
1.626E-07,3.41055E-02
1.628E-07,5.69570E-02
1.630E-07,7.59023E-02
1.632E-07,8.58633E-02
1.634E-07,8.50820E-02
1.636E-07,7.98086E-02
1.638E-07,7.27773E-02
1.640E-07,6.57461E-02
1.642E-07,5.83242E-02
1.644E-07,5.24648E-02
1.646E-07,4.73867E-02
1.648E-07,4.19180E-02
1.650E-07,3.72305E-02
1.652E-07,3.21523E-02
1.654E-07,2.82461E-02
1.656E-07,2.53164E-02
1.658E-07,2.23867E-02
1.660E-07,1.98477E-02
1.662E-07,1.71133E-02
1.664E-07,1.53555E-02
1.666E-07,1.26211E-02
1.668E-07,1.00820E-02
1.670E-07,8.32422E-03
1.672E-07,6.76172E-03
1.674E-07,4.80859E-03
1.676E-07,2.26953E-03
1.678E-07,-1.44141E-03
1.680E-07,-6.12891E-03
1.682E-07,-1.14023E-02
1.684E-07,-1.39414E-02
1.686E-07,-1.41367E-02
1.688E-07,-1.25742E-02
1.690E-07,-1.08164E-02
1.692E-07,-9.44922E-03
1.694E-07,-8.66797E-03
1.696E-07,-7.10547E-03
1.698E-07,-5.73828E-03
1.700E-07,-4.37109E-03
1.702E-07,-2.02734E-03
1.704E-07,-6.60156E-04
1.706E-07,7.07031E-04
1.708E-07,2.07422E-03
1.710E-07,2.46484E-03
1.712E-07,2.26953E-03
1.714E-07,2.26953E-03
1.716E-07,2.85547E-03
1.718E-07,3.44141E-03
1.720E-07,3.83203E-03
1.722E-07,3.83203E-03
1.724E-07,3.44141E-03
1.726E-07,3.24609E-03
1.728E-07,3.63672E-03
1.730E-07,4.02734E-03
1.732E-07,4.80859E-03
1.734E-07,5.39453E-03
1.736E-07,4.80859E-03
1.738E-07,3.05078E-03
1.740E-07,2.66016E-03
1.742E-07,2.85547E-03
1.744E-07,2.66016E-03
1.746E-07,2.07422E-03
1.748E-07,1.09766E-03
1.750E-07,3.16406E-04
1.752E-07,-4.64844E-04
1.754E-07,-1.63672E-03
1.756E-07,-2.80859E-03
1.758E-07,-2.41797E-03
1.760E-07,-2.02734E-03
1.762E-07,-2.22266E-03
1.764E-07,-3.19922E-03
1.766E-07,-3.58984E-03
1.768E-07,-4.17578E-03
1.770E-07,-3.78516E-03
1.772E-07,-3.58984E-03
1.774E-07,-3.58984E-03
1.776E-07,-3.19922E-03
1.778E-07,-3.19922E-03
1.780E-07,-3.39453E-03
1.782E-07,-3.58984E-03
1.784E-07,-3.78516E-03
1.786E-07,-3.19922E-03
1.788E-07,-3.00391E-03
1.790E-07,-3.00391E-03
1.792E-07,-2.22266E-03
1.794E-07,-2.41797E-03
1.796E-07,-2.22266E-03
1.798E-07,-2.41797E-03
1.800E-07,-2.22266E-03
1.802E-07,-2.22266E-03
1.804E-07,-2.41797E-03
1.806E-07,-2.02734E-03
1.808E-07,-1.05078E-03
1.810E-07,-6.60156E-04
1.812E-07,-1.24609E-03
1.814E-07,-1.83203E-03
1.816E-07,-1.83203E-03
1.818E-07,-2.22266E-03
1.820E-07,-2.02734E-03
1.822E-07,-1.44141E-03
1.824E-07,-2.02734E-03
1.826E-07,-2.02734E-03
1.828E-07,-1.63672E-03
1.830E-07,-2.41797E-03
1.832E-07,-2.80859E-03
1.834E-07,-2.61328E-03
1.836E-07,-3.39453E-03
1.838E-07,-3.39453E-03
1.840E-07,-3.58984E-03
1.842E-07,-3.19922E-03
1.844E-07,-3.00391E-03
1.846E-07,-2.22266E-03
1.848E-07,-2.22266E-03
1.850E-07,-2.22266E-03
1.852E-07,-2.22266E-03
1.854E-07,-2.41797E-03
1.856E-07,-2.41797E-03
1.858E-07,-2.80859E-03
1.860E-07,-3.19922E-03
1.862E-07,-3.19922E-03
1.864E-07,-3.19922E-03
1.866E-07,-3.19922E-03
1.868E-07,-3.39453E-03
1.870E-07,-3.39453E-03
1.872E-07,-3.78516E-03
1.874E-07,-3.58984E-03
1.876E-07,-3.00391E-03
1.878E-07,-2.22266E-03
1.880E-07,-8.55469E-04
1.882E-07,-8.55469E-04
1.884E-07,-2.02734E-03
1.886E-07,-2.80859E-03
1.888E-07,-2.61328E-03
1.890E-07,-2.80859E-03
1.892E-07,-2.80859E-03
1.894E-07,-3.39453E-03
1.896E-07,-2.41797E-03
1.898E-07,-2.02734E-03
1.900E-07,-2.22266E-03
1.902E-07,-2.80859E-03
1.904E-07,-3.19922E-03
1.906E-07,-3.78516E-03
1.908E-07,-3.39453E-03
1.910E-07,-3.00391E-03
1.912E-07,-2.22266E-03
1.914E-07,-2.02734E-03
1.916E-07,-1.83203E-03
1.918E-07,-1.83203E-03
1.920E-07,-2.02734E-03
1.922E-07,-2.22266E-03
1.924E-07,-2.02734E-03
1.926E-07,-2.22266E-03
1.928E-07,-2.02734E-03
1.930E-07,-1.63672E-03
1.932E-07,-1.44141E-03
1.934E-07,-1.05078E-03
1.936E-07,-1.05078E-03
1.938E-07,-1.83203E-03
1.940E-07,-2.41797E-03
1.942E-07,-2.41797E-03
1.944E-07,-1.83203E-03
1.946E-07,-1.83203E-03
1.948E-07,-2.02734E-03
1.950E-07,-1.63672E-03
1.952E-07,-1.63672E-03
1.954E-07,-2.41797E-03
1.956E-07,-3.00391E-03
1.958E-07,-2.80859E-03
1.960E-07,-3.00391E-03
1.962E-07,-3.00391E-03
1.964E-07,-2.80859E-03
1.966E-07,-2.80859E-03
1.968E-07,-2.22266E-03
1.970E-07,-2.41797E-03
1.972E-07,-2.22266E-03
1.974E-07,-2.41797E-03
1.976E-07,-3.19922E-03
1.978E-07,-3.58984E-03
1.980E-07,-2.80859E-03
1.982E-07,-2.22266E-03
1.984E-07,-1.44141E-03
1.986E-07,-1.83203E-03
1.988E-07,-1.63672E-03
1.990E-07,-2.41797E-03
1.992E-07,-2.41797E-03
1.994E-07,-2.61328E-03
1.996E-07,-1.63672E-03
1.998E-07,-1.05078E-03
2.000E-07,-1.05078E-03
2.002E-07,-2.02734E-03
2.004E-07,-2.41797E-03
2.006E-07,-2.61328E-03
2.008E-07,-1.63672E-03
2.010E-07,-1.44141E-03
2.012E-07,-1.44141E-03
2.014E-07,-2.22266E-03
2.016E-07,-2.02734E-03
2.018E-07,-1.83203E-03
2.020E-07,-2.02734E-03
2.022E-07,-1.63672E-03
2.024E-07,-1.05078E-03
2.026E-07,-2.02734E-03
2.028E-07,-2.61328E-03
2.030E-07,-2.80859E-03
2.032E-07,-2.22266E-03
2.034E-07,-1.83203E-03
2.036E-07,-1.83203E-03
2.038E-07,-2.80859E-03
2.040E-07,-2.41797E-03
2.042E-07,-2.22266E-03
2.044E-07,-1.44141E-03
2.046E-07,-1.05078E-03
2.048E-07,-1.05078E-03
2.050E-07,-1.83203E-03
2.052E-07,-1.44141E-03
2.054E-07,-2.02734E-03
2.056E-07,-2.02734E-03
2.058E-07,-2.02734E-03
2.060E-07,-2.22266E-03
2.062E-07,-1.83203E-03
2.064E-07,-1.83203E-03
2.066E-07,-2.02734E-03
2.068E-07,-2.02734E-03
2.070E-07,-2.22266E-03
2.072E-07,-1.44141E-03
2.074E-07,-1.24609E-03
2.076E-07,-1.83203E-03
2.078E-07,-2.02734E-03
2.080E-07,-1.63672E-03
2.082E-07,-1.24609E-03
2.084E-07,-1.44141E-03
2.086E-07,-2.41797E-03
2.088E-07,-2.41797E-03
2.090E-07,-3.19922E-03
2.092E-07,-2.80859E-03
2.094E-07,-2.80859E-03
2.096E-07,-2.41797E-03
2.098E-07,-2.22266E-03
2.100E-07,-1.83203E-03
2.102E-07,-1.83203E-03
2.104E-07,-2.02734E-03
2.106E-07,-1.83203E-03
2.108E-07,-1.24609E-03
2.110E-07,-1.05078E-03
2.112E-07,-1.05078E-03
2.114E-07,-1.05078E-03
2.116E-07,-8.55469E-04
2.118E-07,-1.83203E-03
2.120E-07,-1.83203E-03
2.122E-07,-2.02734E-03
2.124E-07,-2.22266E-03
2.126E-07,-2.41797E-03
2.128E-07,-2.41797E-03
2.130E-07,-2.02734E-03
2.132E-07,-2.22266E-03
2.134E-07,-2.41797E-03
2.136E-07,-2.61328E-03
2.138E-07,-2.02734E-03
2.140E-07,-1.83203E-03
2.142E-07,-1.24609E-03
2.144E-07,-8.55469E-04
2.146E-07,-1.05078E-03
2.148E-07,-1.24609E-03
2.150E-07,-1.63672E-03
2.152E-07,-1.83203E-03
2.154E-07,-1.83203E-03
2.156E-07,-1.83203E-03
2.158E-07,-2.02734E-03
2.160E-07,-2.02734E-03
2.162E-07,-2.22266E-03
2.164E-07,-2.22266E-03
2.166E-07,-2.02734E-03
2.168E-07,-1.24609E-03
2.170E-07,-1.44141E-03
2.172E-07,-1.24609E-03
2.174E-07,-1.44141E-03
2.176E-07,-1.05078E-03
2.178E-07,-8.55469E-04
2.180E-07,-8.55469E-04
2.182E-07,-1.05078E-03
2.184E-07,-1.83203E-03
2.186E-07,-2.22266E-03
2.188E-07,-1.44141E-03
2.190E-07,-4.64844E-04
2.192E-07,-1.44141E-03
2.194E-07,-2.41797E-03
2.196E-07,-2.80859E-03
2.198E-07,-2.22266E-03
2.200E-07,-1.24609E-03
2.202E-07,-1.24609E-03
2.204E-07,-4.64844E-04
2.206E-07,-6.60156E-04
2.208E-07,-6.60156E-04
2.210E-07,-1.24609E-03
2.212E-07,-1.24609E-03
2.214E-07,-1.05078E-03
2.216E-07,-1.05078E-03
2.218E-07,-1.63672E-03
2.220E-07,-2.22266E-03
2.222E-07,-1.83203E-03
2.224E-07,-2.02734E-03
2.226E-07,-2.02734E-03
2.228E-07,-2.41797E-03
2.230E-07,-1.83203E-03
2.232E-07,-1.63672E-03
2.234E-07,-1.63672E-03
2.236E-07,-1.63672E-03
2.238E-07,-2.41797E-03
2.240E-07,-1.83203E-03
2.242E-07,-2.02734E-03
2.244E-07,-2.22266E-03
2.246E-07,-2.02734E-03
2.248E-07,-1.63672E-03
2.250E-07,-1.24609E-03
2.252E-07,-8.55469E-04
2.254E-07,-6.60156E-04
2.256E-07,-1.05078E-03
2.258E-07,-1.24609E-03
2.260E-07,-8.55469E-04
2.262E-07,-1.05078E-03
2.264E-07,-4.64844E-04
2.266E-07,-2.69531E-04
2.268E-07,-8.55469E-04
2.270E-07,-1.44141E-03
2.272E-07,-1.83203E-03
2.274E-07,-1.63672E-03
2.276E-07,-6.60156E-04
2.278E-07,-7.42188E-05
2.280E-07,-4.64844E-04
2.282E-07,-1.24609E-03
2.284E-07,-1.83203E-03
2.286E-07,-1.83203E-03
2.288E-07,-1.44141E-03
2.290E-07,-2.02734E-03
2.292E-07,-2.80859E-03
2.294E-07,-2.80859E-03
2.296E-07,-1.83203E-03
2.298E-07,-1.63672E-03
2.300E-07,-4.64844E-04
2.302E-07,-6.60156E-04
2.304E-07,-2.69531E-04
2.306E-07,-6.60156E-04
2.308E-07,-6.60156E-04
2.310E-07,-2.69531E-04
2.312E-07,-7.42188E-05
2.314E-07,-7.42188E-05
2.316E-07,-2.69531E-04
2.318E-07,-6.60156E-04
2.320E-07,-8.55469E-04
2.322E-07,-1.63672E-03
2.324E-07,-1.63672E-03
2.326E-07,-1.44141E-03
2.328E-07,-8.55469E-04
2.330E-07,-8.55469E-04
2.332E-07,-1.05078E-03
2.334E-07,-1.63672E-03
2.336E-07,-1.05078E-03
2.338E-07,-6.60156E-04
2.340E-07,-1.05078E-03
2.342E-07,-1.83203E-03
2.344E-07,-1.44141E-03
2.346E-07,-1.05078E-03
2.348E-07,-6.60156E-04
2.350E-07,-8.55469E-04
2.352E-07,-6.60156E-04
2.354E-07,-8.55469E-04
2.356E-07,-1.44141E-03
2.358E-07,-1.44141E-03
2.360E-07,-1.24609E-03
2.362E-07,-8.55469E-04
2.364E-07,-8.55469E-04
2.366E-07,-2.22266E-03
2.368E-07,-2.22266E-03
2.370E-07,-2.61328E-03
2.372E-07,-2.02734E-03
2.374E-07,-2.02734E-03
2.376E-07,-2.02734E-03
2.378E-07,-1.24609E-03
2.380E-07,-1.05078E-03
2.382E-07,-8.55469E-04
2.384E-07,-1.44141E-03
2.386E-07,-1.63672E-03
2.388E-07,-1.63672E-03
2.390E-07,-1.83203E-03
2.392E-07,-1.63672E-03
2.394E-07,-8.55469E-04
2.396E-07,-2.69531E-04
2.398E-07,-2.69531E-04
